id,nm_nome,sb_sobrenome,cep,email,mtd_pagamento
1,kaue ,matos,7739800,exemplo@gmail.com,1d3b3b7c126204aa66cff4a11f20c160
2,arthur,matos,7739800,exemplo@gmail.com,1d3b3b7c126204aa66cff4a11f20c160
3,anselmo,oliveira,7739800,exemplo@gmail.com,1d3b3b7c126204aa66cff4a11f20c160
4,clea,matos,7739800,exemplo@gmail.com,1d3b3b7c126204aa66cff4a11f20c160
5,luan,silva,7739800,exemplo@gmail.com,1d3b3b7c126204aa66cff4a11f20c160
6,maria,lourdes,7739800,exemplo@gmail.com,1d3b3b7c126204aa66cff4a11f20c160
7,tieta,oliveira,7739800,exemplo@gmail.com,1d3b3b7c126204aa66cff4a11f20c160
8,cleonice,matos,7739800,exemplo@gmail.com,1d3b3b7c126204aa66cff4a11f20c160
9,mariana,tucano,7739800,exemplo@gmail.com,1d3b3b7c126204aa66cff4a11f20c160
10,maria,matos,7739800,exemplo@gmail.com,1d3b3b7c126204aa66cff4a11f20c160